{"location_scores": {"chennai": 0.65625, "mumbai": 0.328125}, "device_scores": {"laptop1": 0.7159090909090909, "phone1": 0.26846590909090906}, "global_threshold": 0.6}